brand,product_name,rating,min_amount,max_amount 
It Cosmetics,CC+ Cream with SPF 50+,4.54.54.54.54.54.54.54.54.54.5,39.50
BareMinerals,Complexion Rescue Tinted Hydrating Gel Cream Broad Spectrum SPF 30,4.54.54.54.54.54.54.54.54.54.5,32.00
Mario Badescu,Facial Spray With Aloe| Herbs and Rosewater,4.54.54.54.54.54.54.54.54.54.5,7.00 , 12.00
It Cosmetics,Bye Bye Foundation Full Coverage Moisturizer with SPF 50+,4.04.04.04.04.04.04.04.04.04.0,39.50
It Cosmetics,Confidence In A Cream Hydrating Moisturizer,4.54.54.54.54.54.54.54.54.54.5,49.00
Clinique,Moisture Surge 72 Hour Auto-Replenishing Hydrator,4.54.54.54.54.54.54.54.54.54.5,21.00 , 78.00
Mario Badescu,Spritz. Mist. Glow. Set,4.54.54.54.54.54.54.54.54.54.5,21.00
Juice Beauty,STEM CELLULAR Anti-Wrinkle Overnight Cream,4.04.04.04.04.04.04.04.04.04.0,75.00
It Cosmetics,CC+ Cream Illumination SPF 50+,4.54.54.54.54.54.54.54.54.54.5,39.50
Clinique,Dramatically Different Moisturizing Lotion+,4.54.54.54.54.54.54.54.54.54.5,15.00 , 28.00
PEACH & LILY,Matcha Pudding Antioxidant Cream,4.54.54.54.54.54.54.54.54.54.5,40.00
Neutrogena,Hydro Boost Water Gel,4.54.54.54.54.54.54.54.54.54.5,23.99
Dermadoctor,Kakadu C High Potency Evening Oil,4.04.04.04.04.04.04.04.04.04.0,74.00
Tula,24-7 Moisture Hydrating Day & Night Cream,4.54.54.54.54.54.54.54.54.54.5,52.00
Kiehl's Since 1851,Ultra Facial Cream,4.54.54.54.54.54.54.54.54.54.5,18.00 , 53.00
Philosophy,Renewed Hope In A Jar,4.54.54.54.54.54.54.54.54.54.5,39.00 , 65.00
Peter Thomas Roth,Hungarian Thermal Water Mineral-Rich Moisturizer,4.04.04.04.04.04.04.04.04.04.0,58.00
It Cosmetics,Complexion Perfection At Home & On The Go Your Life-Changing CC+ Cream Duo,5.05.05.05.05.05.05.05.05.05.0,42.00
Dermalogica,Dynamic Skin Recovery Broad Spectrum SPF 50,4.54.54.54.54.54.54.54.54.54.5,75.00
Juice Beauty,STEM CELLULAR Anti-Wrinkle Moisturizer,4.54.54.54.54.54.54.54.54.54.5,70.00
Clinique,Moisture Surge Intense Skin Fortifying Hydrator,4.54.54.54.54.54.54.54.54.54.5,39.50 , 54.00
The Ordinary,100% Organic Cold Pressed Rose Hip Seed Oil,4.54.54.54.54.54.54.54.54.54.5,9.80
NARS,Pure Radiant Tinted Moisturizer,4.54.54.54.54.54.54.54.54.54.5,45.00
Erborian,Online Only BB Crème,4.54.54.54.54.54.54.54.54.54.5,39.00
First Aid Beauty,Ultra Repair Cream,4.54.54.54.54.54.54.54.54.54.5,34.00
Dermalogica,Intensive Moisture Balance,4.54.54.54.54.54.54.54.54.54.5,44.00 , 72.00
Peter Thomas Roth,Water Drench Hyaluronic Cloud Cream,4.54.54.54.54.54.54.54.54.54.5, 			52.00 , 99.00
Clinique,Limited Edition Jumbo Dramatically Different Moisturizing Lotion+,4.54.54.54.54.54.54.54.54.54.5,39.00
Dermalogica,Age Smart Super Rich Repair,5.05.05.05.05.05.05.05.05.05.0,89.00
It Cosmetics,Confidence in a Cream Rosy Tone Moisturizer,4.54.54.54.54.54.54.54.54.54.5,49.00
Philosophy,Ultimate Miracle Worker SPF 30,4.54.54.54.54.54.54.54.54.54.5,75.00
PEACH & LILY,Lazy Day's All-In-One Moisture Pad,4.54.54.54.54.54.54.54.54.54.5, 			27.30
StriVectin,SD Advanced Plus Intensive Moisturizing Concentrate For Wrinkles & Stretch Marks,4.54.54.54.54.54.54.54.54.54.5,79.00 , 139.00
Mario Badescu,Facial Spray with Aloe| Chamomile and Lavender,4.04.04.04.04.04.04.04.04.04.0,7.00 , 12.00
Jack Black,Double Duty Face Moisturizer SPF 20,5.05.05.05.05.05.05.05.05.05.0,28.00 , 48.00
CeraVe,PM Facial Moisturizing Lotion,4.54.54.54.54.54.54.54.54.54.5,15.99
The Better Skin Co.,Better Skin Mirakle Cream,4.04.04.04.04.04.04.04.04.04.0, 			8.50
Philosophy,Anti-Wrinkle Miracle Worker+ Line Correcting Moisturizer,4.54.54.54.54.54.54.54.54.54.5,64.00
Juice Beauty,STEM CELLULAR CC Cream,4.04.04.04.04.04.04.04.04.04.0,39.00
Juice Beauty,GREEN APPLE Age Defy Moisturizer,4.54.54.54.54.54.54.54.54.54.5,50.00
Clinique,Clinique iD Dramatically Different Base,4.04.04.04.04.04.04.04.04.04.0,25.00
It Cosmetics,Confidence In A Neck Cream Moisturizer,4.54.54.54.54.54.54.54.54.54.5,52.00
It Cosmetics,Travel Size CC+ Cream with SPF 50+,4.04.04.04.04.04.04.04.04.04.0,15.50
Mad Hippie,Antioxidant Facial Oil,4.54.54.54.54.54.54.54.54.54.5,24.99
Erborian,Online Only CC Crème,4.54.54.54.54.54.54.54.54.54.5,44.00
Estée Lauder,Revitalizing Supreme+ Global Anti-Aging Cell Power Creme,4.04.04.04.04.04.04.04.04.04.0,55.00 , 85.00
BareMinerals,Prime Time BB Primer-Cream Daily Defense Broad Spectrum SPF 30,4.54.54.54.54.54.54.54.54.54.5,27.00
Mario Badescu,Hydro Moisturizer With Vitamin C,4.54.54.54.54.54.54.54.54.54.5,18.00
BareMinerals,Bare Haven Essential Moisturizing Soft Cream,4.54.54.54.54.54.54.54.54.54.5, 			26.25 , 41.25
Dermalogica,Antioxidant HydraMist,4.54.54.54.54.54.54.54.54.54.5,45.00
Benefit Cosmetics,Total Moisture Facial Cream,4.54.54.54.54.54.54.54.54.54.5,42.00
Estée Lauder,DayWear Multi-Protection Anti-Oxidant 24H-Moisture Crème Broad Spectrum SPF 15,4.04.04.04.04.04.04.04.04.04.0,34.00 , 54.00
Philosophy,Purity Made Simple Moisturizer,4.04.04.04.04.04.04.04.04.04.0,25.00
Philosophy,Renewed Hope In A Jar SPF 30,4.54.54.54.54.54.54.54.54.54.5,39.00
It Cosmetics,Confidence in Your Beauty Sleep Night Cream,4.54.54.54.54.54.54.54.54.54.5,54.00
Perricone MD,Cold Plasma Sub-D,4.04.04.04.04.04.04.04.04.04.0,135.00
First Aid Beauty,Ultra Repair Face Moisturizer,4.54.54.54.54.54.54.54.54.54.5,24.00
Skyn Iceland,Pure Cloud Cream,4.54.54.54.54.54.54.54.54.54.5,55.00
Dermalogica,Calm Water Gel,4.54.54.54.54.54.54.54.54.54.5,50.00
The Ordinary,100% Cold Pressed Virgin Marula Oil,4.54.54.54.54.54.54.54.54.54.5,9.90
Murad,Hydro-Dynamic Ultimate Moisture,4.54.54.54.54.54.54.54.54.54.5,75.00
Smashbox,Camera Ready BB Cream Broad Spectrum SPF 35,4.04.04.04.04.04.04.04.04.04.0,42.00
boscia,Rosehip Omega Face Oil,4.54.54.54.54.54.54.54.54.54.5,42.00
Smashbox,Photo Finish Primer Oil,4.54.54.54.54.54.54.54.54.54.5,42.00
Lancôme,Bienfait Multi-Vital SPF 30 Day Cream Moisturizer,4.54.54.54.54.54.54.54.54.54.5,50.00
Clinique,Dramatically Different Moisturizing Cream,5.05.05.05.05.05.05.05.05.05.0,28.00
Philosophy,Renewed Hope in a Jar Water Cream Hyaluronic Glow Moisturizer,4.54.54.54.54.54.54.54.54.54.5,39.00
Clinique,Smart Night Custom-Repair Moisturizer For Dry Combination,4.54.54.54.54.54.54.54.54.54.5,58.00
Mad Hippie,Face Cream,4.54.54.54.54.54.54.54.54.54.5,25.99
Smashbox,Photo Finish Primerizer,4.54.54.54.54.54.54.54.54.54.5,42.00
BareMinerals,Butter Drench Restorative Rich Cream,4.54.54.54.54.54.54.54.54.54.5, 			28.50
Jack Black,Intense Therapy Lip Balm SPF 25,4.54.54.54.54.54.54.54.54.54.5,8.00
StriVectin,Advanced Retinol Intensive Night Moisturizer,4.54.54.54.54.54.54.54.54.54.5,79.00 , 112.00
Curél,Intensive Moisture Facial Cream,4.54.54.54.54.54.54.54.54.54.5,30.00
Tarte,Maracuja Oil,4.54.54.54.54.54.54.54.54.54.5,48.00
Mario Badescu,Travel Size Facial Spray With Aloe| Herbs and Rosewater,4.54.54.54.54.54.54.54.54.54.5,5.00
Lancôme,Bienfait Multi-Vital Night Cream Moisturizer,5.05.05.05.05.05.05.05.05.05.0,54.00
MAC,Strobe Cream,4.54.54.54.54.54.54.54.54.54.5, 			21.00 , 35.00
Murad,Essential-C Day Moisture Broad Spectrum SPF 30 / PA+++,4.54.54.54.54.54.54.54.54.54.5,65.00
CeraVe,AM Facial Moisturizing Lotion SPF 30,3.53.53.53.53.53.53.53.53.53.5,18.99
Clinique,Clinique iD Active Cartridge Concentrate,4.04.04.04.04.04.04.04.04.04.0,14.00
ICONIC LONDON,Online Only Prep Set Glow,4.04.04.04.04.04.04.04.04.04.0,25.00
e.l.f. Cosmetics,Holy Hydration! Face Cream,4.54.54.54.54.54.54.54.54.54.5,12.00
Derma E,Vitamin C Intense Night Cream,4.54.54.54.54.54.54.54.54.54.5,19.99
Hey Honey,Online Only Trick and Treat CC² Active Propolis Color Correcting Cream,5.05.05.05.05.05.05.05.05.05.0,38.00
Clinique,Clinique Smart Clinical MD Multi-Dimensional Age Transformer Duo Resculpt + Revolumize,4.04.04.04.04.04.04.04.04.04.0,69.00
Philosophy,Ultimate Miracle Worker Night,4.04.04.04.04.04.04.04.04.04.0,80.00
Clinique,Smart Broad Spectrum SPF 15 Custom-Repair Moisturizer For Dry Combination Skin,4.54.54.54.54.54.54.54.54.54.5,55.00
Exuviance,Age Reverse Day Repair SPF 30,4.54.54.54.54.54.54.54.54.54.5,75.00
Mamonde,Rose Trial Kit,4.54.54.54.54.54.54.54.54.54.5, 			15.40
BareMinerals,Skinlongevity Vital Power Sleeping Gel Cream,4.54.54.54.54.54.54.54.54.54.5, 			28.50
Dermalogica,Sheer Tint SPF 20,4.54.54.54.54.54.54.54.54.54.5,40.00
Clinique,Moisture Surge Hydrating Supercharged Concentrate,4.54.54.54.54.54.54.54.54.54.5,39.50
Neutrogena,Bright Boost Gel Cream,3.03.03.03.03.03.03.03.03.03.0,23.99
Kate Somerville,Wrinkle Warrior 2-in-1 Plumping Moisturizer + Serum,4.54.54.54.54.54.54.54.54.54.5,95.00
PEACH & LILY,Pure Beam Luxe Oil,4.54.54.54.54.54.54.54.54.54.5, 			27.30
Perricone MD,High Potency Classics: Face Finishing & Firming Moisturizer,4.54.54.54.54.54.54.54.54.54.5,69.00
Juice Beauty,STEM CELLULAR Lifting Neck Cream,4.54.54.54.54.54.54.54.54.54.5,60.00
Estée Lauder,Revitalizing Supreme+ Global Anti-Aging Cell Power Creme SPF 15,4.04.04.04.04.04.04.04.04.04.0,55.00 , 100.00
Mario Badescu,Vitamin A-D-E Neck Cream,4.54.54.54.54.54.54.54.54.54.5,20.00
Origins,GinZing Ultra-Hydrating Energy-Boosting Cream,4.04.04.04.04.04.04.04.04.04.0,30.00
It Cosmetics,Travel Size Confidence In A Cream Hydrating Moisturizer,4.54.54.54.54.54.54.54.54.54.5,17.00
Tula,Dew Your Thing Oil Free Gel Cream,4.54.54.54.54.54.54.54.54.54.5,48.00
Philosophy,Anti-Wrinkle Miracle Worker+ Line Correcting Moisturizer Overnight Cream,3.53.53.53.53.53.53.53.53.53.5,68.00
Mario Badescu,Buttermilk Moisturizer,4.54.54.54.54.54.54.54.54.54.5,18.00
Neutrogena,Rapid Wrinkle Repair Night Moisturizer,4.04.04.04.04.04.04.04.04.04.0,23.99
Mario Badescu,Rose Hip Nourishing Oil,4.54.54.54.54.54.54.54.54.54.5,22.00
CeraVe,SA Moisturizing Cream For Rough & Bumpy Skin,4.54.54.54.54.54.54.54.54.54.5,23.99
First Aid Beauty,Ultra Repair Oat & Cannabis Sativa Seed Oil,4.04.04.04.04.04.04.04.04.04.0,30.00
ULTA,Waterfull Gel - Cream Moisturizer,4.54.54.54.54.54.54.54.54.54.5,19.50
Derma E,Online Only Advanced Peptide & Collagen Serum,5.05.05.05.05.05.05.05.05.05.0,36.50
Clinique,Dramatically Different Hydrating Jelly,4.04.04.04.04.04.04.04.04.04.0,15.00 , 28.00
Erborian,Online Only CC Red Correct,5.05.05.05.05.05.05.05.05.05.0,44.00
Mario Badescu,Collagen Moisturizer SPF 15,4.04.04.04.04.04.04.04.04.04.0,24.00
Peter Thomas Roth,Water Drench Hyaluronic Cloud Serum,4.54.54.54.54.54.54.54.54.54.5,65.00
Ahava,Essential Day Moisturizer Normal to Dry,4.54.54.54.54.54.54.54.54.54.5,45.00
La Roche-Posay,Toleriane Double Repair Face Moisturizer UV SPF 30,4.04.04.04.04.04.04.04.04.04.0,19.99
IPKN,Online Only Moist & Firm BB Cream,4.54.54.54.54.54.54.54.54.54.5,29.00
Estée Lauder,Online Only Resilience Multi-Effect Tri-Peptide Face and Neck Creme SPF 15,4.04.04.04.04.04.04.04.04.04.0,58.00 , 110.00
Too Cool For School,Egg Mellow Cream,4.04.04.04.04.04.04.04.04.04.0,36.00
It Cosmetics,Anti-Aging Armour Tinted Sunscreen SPF 50+,4.54.54.54.54.54.54.54.54.54.5,38.00
Murad,Nutrient-Charged Water Gel,4.54.54.54.54.54.54.54.54.54.5,60.00
Murad,Oil and Pore Control Mattifier Broad Spectrum SPF 45 PA++++,4.04.04.04.04.04.04.04.04.04.0,42.00
Kiehl's Since 1851,Super Multi Corrective Cream,5.05.05.05.05.05.05.05.05.05.0,65.00
Lancôme,UV Expert Mineral CC Cream SPF 50,3.03.03.03.03.03.03.03.03.03.0,39.00
Neutrogena,Rapid Wrinkle Repair Retinol Oil,4.04.04.04.04.04.04.04.04.04.0,27.99
Botanics,Botanics Organic Restoring Night Oil,5.05.05.05.05.05.05.05.05.05.0,17.99
Mario Badescu,Chamomile Night Cream,4.54.54.54.54.54.54.54.54.54.5,20.00
Kate Somerville,Age Arrest Anti-Wrinkle Cream,5.05.05.05.05.05.05.05.05.05.0,90.00
Mario Badescu,Travel Size Facial Spray with Aloe| Chamomile and Lavender,4.54.54.54.54.54.54.54.54.54.5,5.00
Trilogy,Certified Organic Rosehip Oil,4.54.54.54.54.54.54.54.54.54.5, 			20.30 , 37.80
Neutrogena,Rapid Wrinkle Repair Moisturizer SPF 30,4.54.54.54.54.54.54.54.54.54.5,23.99
Clinique,Superdefense Daily Defense Moisturizer Broad Spectrum SPF 20,4.54.54.54.54.54.54.54.54.54.5,48.00
Perricone MD,High Potency Classics Hyaluronic Intensive Moisturizer,4.54.54.54.54.54.54.54.54.54.5,69.00
Mad Hippie,Hydrating Nutrient Mist,4.04.04.04.04.04.04.04.04.04.0,19.99
Perricone MD,High Potency Classics Face Finishing & Firming Tinted Moisturizer SPF 30,4.04.04.04.04.04.04.04.04.04.0,69.00
Perricone MD,Cold Plasma+ Neck & Chest Broad Spectrum SPF 25,4.54.54.54.54.54.54.54.54.54.5,89.00
Kate Somerville,ExfoliKate Glow Moisturizer,4.54.54.54.54.54.54.54.54.54.5,65.00
Skyn Iceland,Oxygen Infusion Night Cream,4.04.04.04.04.04.04.04.04.04.0,68.00
Weleda,Skin Food Original Ultra-Rich Cream,4.54.54.54.54.54.54.54.54.54.5,12.49 , 18.99
Mamonde,Rose Water Gel Cream,4.54.54.54.54.54.54.54.54.54.5, 			18.20
Formula 10.0.6,Thirst No More! Moisturizer,4.54.54.54.54.54.54.54.54.54.5,8.99
Murad,Anti-Aging Moisturizer Broad Spectrum SPF 30 / PA+++,4.54.54.54.54.54.54.54.54.54.5,50.00
Lancôme,Visionnaire Advanced Multi-Correcting Cream,4.54.54.54.54.54.54.54.54.54.5,90.00
Skyn Iceland,Hydro Cool Firming Neck Gels,5.05.05.05.05.05.05.05.05.05.0,35.00
Tarte,Travel Size Maracuja Oil,4.54.54.54.54.54.54.54.54.54.5,16.00
Exuviance,Age Reverse HydraFirm,4.04.04.04.04.04.04.04.04.04.0,79.00
Aveeno,Positively Radiant Daily Moisturizer SPF 30,4.54.54.54.54.54.54.54.54.54.5,18.99
Kate Somerville,Goat Milk Moisturizing Cream,4.54.54.54.54.54.54.54.54.54.5,65.00
Cetaphil,Moisturizing Cream,4.54.54.54.54.54.54.54.54.54.5,10.99 , 17.99
Clinique,Smart Night Custom-Repair Moisturizer For Very Dry Skin,4.54.54.54.54.54.54.54.54.54.5,58.00
Proactiv,Green Tea Moisturizer,4.54.54.54.54.54.54.54.54.54.5,40.00
Bliss,Drench & Quench Moisturizer,4.54.54.54.54.54.54.54.54.54.5,20.00
Vichy,LiftActiv Peptide-C Anti-Aging Face Moisturizer,4.54.54.54.54.54.54.54.54.54.5,39.00
Teami Blends,Repair Tea Infused Facial Oil,4.54.54.54.54.54.54.54.54.54.5, 			24.00
Origins,Plantscription Youth-Renewing Power Night Cream,4.54.54.54.54.54.54.54.54.54.5,62.00
Mario Badescu,Glycolic Skin Renewal Complex,4.54.54.54.54.54.54.54.54.54.5,35.00
Eos,FlavorLab Super Soft Shea Lip Balm Duo,4.04.04.04.04.04.04.04.04.04.0, 			4.39
StriVectin,Tightening & Sculpting Face Cream,4.54.54.54.54.54.54.54.54.54.5,95.00
MAC,Strobe Cream Mini MAC,4.54.54.54.54.54.54.54.54.54.5,16.00
Exuviance,Lift Volumizing Concentrate,4.54.54.54.54.54.54.54.54.54.5,87.00
Kiehl's Since 1851,Cannabis Sativa Seed Oil Herbal Concentrate,4.54.54.54.54.54.54.54.54.54.5,50.00
Estée Lauder,Online Only NightWear Plus Anti-Oxidant Night Detox Crème,4.54.54.54.54.54.54.54.54.54.5,56.00
Shiseido,Bio-Performance Advanced Super Revitalizing Cream,4.54.54.54.54.54.54.54.54.54.5,82.00 , 104.00
e.l.f. Cosmetics,SuperHydrate Moisturizer,4.04.04.04.04.04.04.04.04.04.0,12.00
Thayers,Alcohol-Free Witch Hazel Facial Mist,5.05.05.05.05.05.05.05.05.05.0,10.95
ULTA,Velvetskin Melting Moisturizer,4.04.04.04.04.04.04.04.04.04.0,19.50
Juice Beauty,STEM CELLULAR Vinifera Replenishing Oil,5.05.05.05.05.05.05.05.05.05.0,72.00
ULTA,Watermelon Facial Mist,4.04.04.04.04.04.04.04.04.04.0,10.00
Origins,Travel Size Original Skin Matte Moisturizer with Willowherb,5.05.05.05.05.05.05.05.05.05.0,20.50
Dermalogica,Skin Hydrating Booster,4.54.54.54.54.54.54.54.54.54.5,64.00
Pacifica,Coconut Probiotic Water Rehab Cream,4.54.54.54.54.54.54.54.54.54.5,16.00
Cetaphil,Moisturizing Lotion,4.54.54.54.54.54.54.54.54.54.5,13.99
Murad,Retinol Youth Renewal Night Cream,5.05.05.05.05.05.05.05.05.05.0,82.00
The Ordinary,100% Organic Cold Pressed Moroccan Argan Oil,3.53.53.53.53.53.53.53.53.53.5,6.80
La Roche-Posay,Online Only Toleriane Double Repair Moisturizer,4.04.04.04.04.04.04.04.04.04.0,19.99
Mario Badescu,Caviar Night Cream,4.54.54.54.54.54.54.54.54.54.5,22.00
StriVectin,Travel Size TL Tightening Neck Cream,4.04.04.04.04.04.04.04.04.04.0,15.00
Eos,100% Natural Shea Lip Balm 2 Pack,3.53.53.53.53.53.53.53.53.53.5, 			4.39
StriVectin,S.T.A.R. Light Retinol Night Oil,4.54.54.54.54.54.54.54.54.54.5,99.00
Peter Thomas Roth,Potent-C Bright & Plump Moisturizer,3.53.53.53.53.53.53.53.53.53.5,26.00 , 68.00
Clinique,Clinique Smart Clinical MD Multi-Dimensional Age Transformer Resculpt,4.54.54.54.54.54.54.54.54.54.5,69.00
Tarte,Double Duty Beauty First Step Prep Moisture Reset Cream,4.54.54.54.54.54.54.54.54.54.5, 			26.25
Lancôme,Bienfait Multi-Vital Sunscreen Lotion Broad Spectrum SPF 30,5.05.05.05.05.05.05.05.05.05.0,50.00
Juice Beauty,Nutrient Moisturizer,4.04.04.04.04.04.04.04.04.04.0,42.00
I Dew Care,Plush Party Buttery Vitamin C Lip Mask,4.54.54.54.54.54.54.54.54.54.5,16.00
Dermalogica,Clear Start Clearing Defense Moisturizer SPF 30,4.54.54.54.54.54.54.54.54.54.5,28.00
ELEMIS,Pro-Collagen Marine Cream SPF 30,4.54.54.54.54.54.54.54.54.54.5,128.00
Clinique,Clinique Smart Clinical MD Multi-Dimensional Age Transformer Revolumize,4.54.54.54.54.54.54.54.54.54.5,69.00
Dermadoctor,Wrinkle Revenge Rescue & Protect Facial Cream,4.54.54.54.54.54.54.54.54.54.5,58.00
Perricone MD,Online Only Vitamin C Ester Brightening Overnight Treatment,4.54.54.54.54.54.54.54.54.54.5,99.00
Lancôme,Rénergie Multi-Glow Rosy Tone Moisturizer Cream,4.54.54.54.54.54.54.54.54.54.5,99.00
Perricone MD,Essential Fx Acyl-Glutathione Rejuvenating Moisturizer,4.54.54.54.54.54.54.54.54.54.5, 			68.60
Dermalogica,Phyto Replenish Oil,4.54.54.54.54.54.54.54.54.54.5,76.00
Neutrogena,Oil-Free Moisture Sensitive Skin Ultra-Gentle Facial Moisturizer,4.54.54.54.54.54.54.54.54.54.5,12.49
MAC,Mineralize Timecheck Lotion,4.04.04.04.04.04.04.04.04.04.0,45.00
BareMinerals,Poreless Oil-Free Moisturizer,5.05.05.05.05.05.05.05.05.05.0,35.00
BareMinerals,Complexion Rescue Defense Radiant Protective Veil Broad Spectrum SPF 30,4.04.04.04.04.04.04.04.04.04.0,39.00
Murad,City Skin Overnight Detox Moisturizer,4.54.54.54.54.54.54.54.54.54.5,72.00
L'Oréal,Online Only Collagen Moisture Filler Facial Day Night Cream,4.54.54.54.54.54.54.54.54.54.5,11.49
Neutrogena,Rapid Wrinkle Repair Serum,4.04.04.04.04.04.04.04.04.04.0,23.99
Mario Badescu,Honey Moisturizer,4.04.04.04.04.04.04.04.04.04.0,25.00
Murad,Resurgence Age-Balancing Moisture Broad Spectrum SPF 30 / PA+++,4.54.54.54.54.54.54.54.54.54.5,74.00
Origins,High-Potency Night-A-Mins Resurfacing Cream with Fruit-Derived AHAs,3.53.53.53.53.53.53.53.53.53.5,46.00
COSRX,Advanced Snail 92 All In One Cream,4.04.04.04.04.04.04.04.04.04.0,22.00
Exuviance,CitraFirm Face Oil,5.05.05.05.05.05.05.05.05.05.0, 			50.40
StriVectin,Tightening Neck Serum Roller,4.54.54.54.54.54.54.54.54.54.5,89.00
COSRX,Honey Ceramide Full Moisture Cream,4.54.54.54.54.54.54.54.54.54.5,26.00
Mario Badescu,Cellufirm Moisturizer,4.54.54.54.54.54.54.54.54.54.5,18.00
boscia,Revitalizing Black Charcoal Hydration Gel,5.05.05.05.05.05.05.05.05.05.0,40.00
Aveeno,Positively Radiant Daily Moisturizer SPF 15,4.54.54.54.54.54.54.54.54.54.5,18.99
BareMinerals,Ageless Genius Firming & Wrinkle Smoothing Neck Cream,3.53.53.53.53.53.53.53.53.53.5, 			33.75
Proactiv,Complexion Perfecting Hydrator,4.54.54.54.54.54.54.54.54.54.5,50.00
Aveeno,Ultra-Calming Daily Moisturizer SPF 15,4.04.04.04.04.04.04.04.04.04.0,18.99
Juice Beauty,Organic Treatment Oil,5.05.05.05.05.05.05.05.05.05.0,42.00
Oh K!,Chok Chok Glowing Moisturiser,4.54.54.54.54.54.54.54.54.54.5,14.99
Juice Beauty,Prebiotix Hydrating Gel Moisturizer,4.54.54.54.54.54.54.54.54.54.5,52.00
Derma E,Vitamin C Renewing Moisturizer,4.54.54.54.54.54.54.54.54.54.5,19.99
Murad,Perfecting Day Cream Broad Spectrum SPF 30 / PA +++,4.54.54.54.54.54.54.54.54.54.5,58.00
Mario Badescu,Protein Night Cream,4.04.04.04.04.04.04.04.04.04.0,22.00
Kate Somerville,Oil Free Moisturizer,4.54.54.54.54.54.54.54.54.54.5,65.00
Clinique,Dramatically Different Moisturizing BB-Gel,4.04.04.04.04.04.04.04.04.04.0,15.00
Skinfood,Peach Jelly Soothing Gel 90,4.54.54.54.54.54.54.54.54.54.5,3.99
Clinique,Repairwear Laser Focus Night Line Smoothing Cream Very Dry to Dry Combination,4.54.54.54.54.54.54.54.54.54.5,53.00
DHC,Online Only Extra Nighttime Moisture,5.05.05.05.05.05.05.05.05.05.0,36.00
Lancôme,UV Expert Aquagel Defense Primer & Moisturizer SPF 50,4.54.54.54.54.54.54.54.54.54.5,39.00
Kiehl's Since 1851,Daily Reviving Concentrate,5.05.05.05.05.05.05.05.05.05.0,50.00 , 75.00
Peter Thomas Roth,Peptide 21 Lift & Firm Moisturizer,4.54.54.54.54.54.54.54.54.54.5,78.00
Murad,Multi-Vitamin Infusion Oil,4.54.54.54.54.54.54.54.54.54.5,73.00
TONYMOLY,Cat's Purrfect Day Cream,5.05.05.05.05.05.05.05.05.05.0,20.00
Mamonde,Calming Hydro Sleeping Mask,4.54.54.54.54.54.54.54.54.54.5, 			17.50
The Body Shop,Drops Of Youth Day Cream,4.54.54.54.54.54.54.54.54.54.5,34.00
Clinique,Travel Size Dramatically Different Moisturizing Lotion+,4.54.54.54.54.54.54.54.54.54.5,5.00
Shiseido,Essential Energy Moisturizing Cream,4.54.54.54.54.54.54.54.54.54.5,48.00
Ahava,Night Replenisher Normal to Dry,4.54.54.54.54.54.54.54.54.54.5,51.00
Clarins,Multi-Active Day Cream SPF 20,4.54.54.54.54.54.54.54.54.54.5,55.00
Mamonde,Floral Moisture Cream,4.54.54.54.54.54.54.54.54.54.5, 			24.50
Trilogy,Rosehip Oil Antioxidant+,4.54.54.54.54.54.54.54.54.54.5, 			30.80
Meaningful Beauty,Age Recovery Night Crème with Melon Extract & Retinol,4.54.54.54.54.54.54.54.54.54.5,68.00
Clarins,Super Restorative Night,4.54.54.54.54.54.54.54.54.54.5,137.00
Lano,Everywhere Multi-Cream,4.54.54.54.54.54.54.54.54.54.5,16.95
Dermalogica,Power Rich,4.54.54.54.54.54.54.54.54.54.5,190.00
First Aid Beauty,Ultra Repair Cream Mango,5.05.05.05.05.05.05.05.05.05.0,34.00
Grown Alchemist,Hydra-Repair Day Cream,5.05.05.05.05.05.05.05.05.05.0,49.00
First Aid Beauty,5 in 1 Face Cream SPF 30,4.04.04.04.04.04.04.04.04.04.0,40.00
Dermadoctor,Calm| Cool & Corrected Tranquility Cream,4.04.04.04.04.04.04.04.04.04.0,85.00
Vichy,Aqualia Thermal Hydrating Night Cream with Hyaluronic Acid,4.54.54.54.54.54.54.54.54.54.5,28.00
Estée Lauder,Online Only DayWear Multi-Protection Anti-Oxidant Sheer Tint Release Moisturizer SPF 15,4.04.04.04.04.04.04.04.04.04.0,54.00
Kiehl's Since 1851,Ultra Facial Moisturizer,4.54.54.54.54.54.54.54.54.54.5,32.00
La Roche-Posay,Toleriane Ultra Night Cream for Sensitive Skin,4.54.54.54.54.54.54.54.54.54.5,29.99
Aveeno,Creamy Moisturizing Oil,4.54.54.54.54.54.54.54.54.54.5,8.99
TONYMOLY,Panda's Dream Rose Hyaluronic Face Cream,4.54.54.54.54.54.54.54.54.54.5,18.50
Vichy,Aqualia Thermal Rich Cream,4.54.54.54.54.54.54.54.54.54.5,31.00
Mario Badescu,Peptide Renewal Cream,4.04.04.04.04.04.04.04.04.04.0,35.00
Derma E,Hydrating Day Cream,4.04.04.04.04.04.04.04.04.04.0,24.99
Skyn Iceland,Arctic Face Oil,4.54.54.54.54.54.54.54.54.54.5,42.00
Lancôme,Bienfait Aqua Vital Lotion Continuous Infusing Moisturizer,4.54.54.54.54.54.54.54.54.54.5,50.00
Peter Thomas Roth,Travel Size Water Drench Hyaluronic Cloud Cream,4.54.54.54.54.54.54.54.54.54.5,22.00
Clinique,Repairwear Laser Focus Line Smoothing Cream Broad Spectrum SPF 15 Very Dry to Dry Combination,4.54.54.54.54.54.54.54.54.54.5,51.00
Clarins,Super Restorative Day SPF 20,4.54.54.54.54.54.54.54.54.54.5,129.00
StriVectin,TL Advanced Light Tightening Neck Cream,4.54.54.54.54.54.54.54.54.54.5,95.00
L'Oréal,Age Perfect Cell Renewal Rosy Tone Moisturizer,4.54.54.54.54.54.54.54.54.54.5,24.99
Clarins,Extra-Firming Wrinkle Control Regenerating Night Cream All Skin Types,4.54.54.54.54.54.54.54.54.54.5,93.00
The Body Shop,Online Only Oils Of Life Intensely Revitalising Cream,5.05.05.05.05.05.05.05.05.05.0,34.00
Cetaphil,Facial Hydrating Lotion,4.04.04.04.04.04.04.04.04.04.0,17.99
COSRX,Oil Free Moisturizing Lotion,4.04.04.04.04.04.04.04.04.04.0,22.00
Kiehl's Since 1851,Super Multi Corrective Cream SPF 30,5.05.05.05.05.05.05.05.05.05.0,68.00
Clinique,Clinique For Men Maximum Hydrator Activated Water-Gel Concentrate,4.54.54.54.54.54.54.54.54.54.5,39.50
Ahava,Extreme Day Cream,4.04.04.04.04.04.04.04.04.04.0,75.00
Juice Beauty,Travel Size STEM CELLULAR Anti-Wrinkle Moisturizer,5.05.05.05.05.05.05.05.05.05.0,25.00
Fountain of Truth,Good Day Soufflé Hydrating Moisturizer with SPF 15,4.54.54.54.54.54.54.54.54.54.5,60.00
e.l.f. Cosmetics,Daily Hydration Moisturizer,4.04.04.04.04.04.04.04.04.04.0,8.00
Clinique,Smart Broad Spectrum SPF 15 Custom-Repair Moisturizer For Combination Oily Skin,4.54.54.54.54.54.54.54.54.54.5,55.00
Clarins,Super Restorative Day,4.54.54.54.54.54.54.54.54.54.5,129.00
ACURE,The Essentials Rosehip Oil,4.54.54.54.54.54.54.54.54.54.5,12.99
TONYMOLY,The Chok Chok Green Tea Watery Cream,4.54.54.54.54.54.54.54.54.54.5,25.00
COSRX,Hyaluronic Acid Intensive Cream,4.54.54.54.54.54.54.54.54.54.5,22.00
StriVectin,Multi-Action Restorative Cream,4.54.54.54.54.54.54.54.54.54.5,95.00
Peter Thomas Roth,Water Drench Hyaluronic Cloud Hydrating Toner Mist,4.04.04.04.04.04.04.04.04.04.0,28.00
Peter Thomas Roth,10% Glycolic Solutions Moisturizer,4.04.04.04.04.04.04.04.04.04.0,45.00
Aveeno,Daily Moisturizer,4.04.04.04.04.04.04.04.04.04.0,18.99
Origins,Plantscription Powerful Lifting Cream,5.05.05.05.05.05.05.05.05.05.0,65.00
ELEMIS,Superfood Day Cream,4.54.54.54.54.54.54.54.54.54.5,45.00
DHC,Online Only Astaxanthin All-In-One Collagen Gel,4.54.54.54.54.54.54.54.54.54.5,49.00
PEACH & LILY,KBeauty Rescue Balm,4.04.04.04.04.04.04.04.04.04.0,28.00
Derma E,Derma E x SunKissAlba Radiant Glow Oil,4.54.54.54.54.54.54.54.54.54.5,19.99
Clinique,Smart Broad Spectrum SPF 15 Custom-Repair Moisturizer For Very Dry Skin,4.54.54.54.54.54.54.54.54.54.5,55.00
boscia,Clear Complexion Tonic,5.05.05.05.05.05.05.05.05.05.0,26.00
Kate Somerville,Dilo Oil Restorative Treatment,5.05.05.05.05.05.05.05.05.05.0,65.00
Skinfood,Royal Honey Propolis Enrich Essence,4.54.54.54.54.54.54.54.54.54.5,19.49
Kopari Beauty,Coconut Face Cream,5.05.05.05.05.05.05.05.05.05.0,38.00
Origins,Blooming Sheer Lip Balm,4.54.54.54.54.54.54.54.54.54.5,20.00
Dermalogica,Travel Size Intensive Moisture Balance,4.54.54.54.54.54.54.54.54.54.5,16.50
ULTA,Rosewater Facial Mist,4.04.04.04.04.04.04.04.04.04.0,10.00
e.l.f. Cosmetics,Hydrating Coconut Mist,4.54.54.54.54.54.54.54.54.54.5,8.00
boscia,Tsubaki Swirl,4.54.54.54.54.54.54.54.54.54.5,38.00
Philosophy,Travel Size Renewed Hope In A Jar,4.54.54.54.54.54.54.54.54.54.5,14.00
Clarins,Extra-Firming Wrinkle Control Firming Day Cream Broad Spectrum SPF 15 All Skin Types,4.04.04.04.04.04.04.04.04.04.0,87.00
Shiseido,Treatment Softener,4.54.54.54.54.54.54.54.54.54.5,50.00
Clinique,Travel Size Moisture Surge Hydrating Supercharged Concentrate,4.54.54.54.54.54.54.54.54.54.5,12.00
Botanics,81% Organic Hydrating Day Cream,4.04.04.04.04.04.04.04.04.04.0,17.99
Shiseido,BioPerformance LiftDynamic Cream,4.54.54.54.54.54.54.54.54.54.5,120.00
Kiehl's Since 1851,Ultra Facial Moisturizer SPF 30,4.54.54.54.54.54.54.54.54.54.5,32.00
Garnier,SkinActive Miracle Skin Perfector BB Cream Anti-Aging,4.04.04.04.04.04.04.04.04.04.0,14.99
Clarins,Hydra-Essentiel Silky Cream,4.54.54.54.54.54.54.54.54.54.5,48.00
Juice Beauty,Hydrating Mist,4.04.04.04.04.04.04.04.04.04.0,25.00
Mario Badescu,The Moisture Magnet SPF 15,4.54.54.54.54.54.54.54.54.54.5,24.00
Neutrogena,Rapid Tone Repair Moisturizer Night,4.04.04.04.04.04.04.04.04.04.0,23.99
BareMinerals,SKINLONGEVITY Vital Power Moisturizer SPF 30,3.03.03.03.03.03.03.03.03.03.0, 			27.00
Dermalogica,Travel Size Dynamic Skin Recovery Broad Spectrum SPF 50,4.54.54.54.54.54.54.54.54.54.5,22.00
Kiehl's Since 1851,Ultra Facial Cream SPF 30,3.53.53.53.53.53.53.53.53.53.5,32.00
Curél,Moisture Facial Milk,4.54.54.54.54.54.54.54.54.54.5,30.00
Philosophy,Nature In A Jar Cica Complex Recovery Moisturizer,4.54.54.54.54.54.54.54.54.54.5,49.00
Mario Badescu,Ginseng Moist Cream,4.04.04.04.04.04.04.04.04.04.0,18.00
CeraVe,Skin Renewing Day Cream With Sunscreen SPF 30,3.53.53.53.53.53.53.53.53.53.5,24.99
boscia,Tsubaki Beauty Oil,5.05.05.05.05.05.05.05.05.05.0,46.00
Clarins,Rose Radiance Cream,4.54.54.54.54.54.54.54.54.54.5,129.00
